*;A;R;N;D;C;Q;E;G;H;I;L;K;M;F;P;S;T;W;Y;V;B;Z;X;*
A;40;-10;-20;-20;0;-10;-10;0;-20;-10;-10;-10;-10;-20;-10;10;0;-30;-20;0;-20;-10;1;-40
R;-10;50;0;-20;-30;10;0;-20;0;-30;-20;20;-10;-30;-20;-10;-10;-30;-20;-30;-10;0;1;-40
N;-20;0;60;10;-30;0;0;0;10;-30;-30;0;-20;-30;-20;10;0;-40;-20;-30;30;0;1;-40
D;-20;-20;10;60;-30;0;20;-10;-10;-30;-40;-10;-30;-30;-10;0;-10;-40;-30;-30;40;10;1;-40
C;0;-30;-30;-30;90;-30;-40;-30;-30;-10;-10;-30;-10;-20;-30;-10;-10;-20;-20;-10;-30;-30;1;-40
Q;-10;10;0;0;-30;50;20;-20;0;-30;-20;10;0;-30;-10;0;-10;-20;-10;-20;0;30;1;-40
E;-10;0;0;20;-40;20;50;-20;0;-30;-30;10;-20;-30;-10;0;-10;-30;-20;-20;10;40;1;-40
G;0;-20;0;-10;-30;-20;-20;60;-20;-40;-40;-20;-30;-30;-20;0;-20;-20;-30;-30;-10;-20;1;-40
H;-20;0;10;-10;-30;0;0;-20;80;-30;-30;-10;-20;-10;-20;-10;-20;-20;20;-30;0;0;1;-40
I;-10;-30;-30;-30;-10;-30;-30;-40;-30;40;20;-30;10;0;-30;-20;-10;-30;-10;30;-30;-30;1;-40
L;-10;-20;-30;-40;-10;-20;-30;-40;-30;20;40;-20;20;0;-30;-20;-10;-20;-10;10;-40;-30;1;-40
K;-10;20;0;-10;-30;10;10;-20;-10;-30;-20;50;-10;-30;-10;0;-10;-30;-20;-20;0;10;1;-40
M;-10;-10;-20;-30;-10;0;-20;-30;-20;10;20;-10;50;0;-20;-10;-10;-10;-10;10;-30;-10;1;-40
F;-20;-30;-30;-30;-20;-30;-30;-30;-10;0;0;-30;0;60;-40;-20;-20;10;30;-10;-30;-30;1;-40
P;-10;-20;-20;-10;-30;-10;-10;-20;-20;-30;-30;-10;-20;-40;70;-10;-10;-40;-30;-20;-20;-10;1;-40
S;10;-10;10;0;-10;0;0;0;-10;-20;-20;0;-10;-20;-10;40;10;-30;-20;-20;0;0;1;-40
T;0;-10;0;-10;-10;-10;-10;-20;-20;-10;-10;-10;-10;-20;-10;10;50;-20;-20;0;-10;-10;1;-40
W;-30;-30;-40;-40;-20;-20;-30;-20;-20;-30;-20;-30;-10;10;-40;-30;-20;110;20;-30;-40;-30;1;-40
Y;-20;-20;-20;-30;-20;-10;-20;-30;20;-10;-10;-20;-10;30;-30;-20;-20;20;70;-10;-30;-20;1;-40
V;0;-30;-30;-30;-10;-20;-20;-30;-30;30;10;-20;10;-10;-20;-20;0;-30;-10;40;-30;-20;1;-40
B;-20;-10;30;40;-30;0;10;-10;0;-30;-40;0;-30;-30;-20;0;-10;-40;-30;-30;40;10;1;-40
Z;-10;0;0;10;-30;30;40;-20;0;-30;-30;10;-10;-30;-10;0;-10;-30;-20;-20;10;40;1;-40
X;1;1;1;1;1;1;1;1;1;1;1;1;1;1;1;1;1;1;1;1;1;1;1;-40
*;-40;-40;-40;-40;-40;-40;-40;-40;-40;-40;-40;-40;-40;-40;-40;-40;-40;-40;-40;-40;-40;-40;-40;10